{
  "_format": "hh-sol-cache-2",
  "files": {
    "/Users/egemenkukrer/Desktop/nft süreci/merkletree/contracts/Lock.sol": {
      "lastModificationDate": 1746929091326,
      "contentHash": "a5eb11f8999b5800b56dc6f6f445d069",
      "sourceName": "contracts/Lock.sol",
      "solcConfig": {
        "version": "0.8.20",
        "settings": {
          "evmVersion": "paris",
          "optimizer": {
            "enabled": false,
            "runs": 200
          },
          "outputSelection": {
            "*": {
              "*": [
                "abi",
                "evm.bytecode",
                "evm.deployedBytecode",
                "evm.methodIdentifiers",
                "metadata"
              ],
              "": [
                "ast"
              ]
            }
          }
        }
      },
      "imports": [],
      "versionPragmas": [
        "^0.8.20"
      ],
      "artifacts": [
        "Lock"
      ]
    },
    "/Users/egemenkukrer/Desktop/nft süreci/merkletree/contracts/NFTFCFS.sol": {
      "lastModificationDate": 1747089555168,
      "contentHash": "2b97e7e980a8510cb52fa45f6b378df2",
      "sourceName": "contracts/NFTFCFS.sol",
      "solcConfig": {
        "version": "0.8.20",
        "settings": {
          "evmVersion": "paris",
          "optimizer": {
            "enabled": false,
            "runs": 200
          },
          "outputSelection": {
            "*": {
              "*": [
                "abi",
                "evm.bytecode",
                "evm.deployedBytecode",
                "evm.methodIdentifiers",
                "metadata"
              ],
              "": [
                "ast"
              ]
            }
          }
        }
      },
      "imports": [
        "@openzeppelin/contracts/access/Ownable.sol",
        "erc721a/contracts/ERC721A.sol"
      ],
      "versionPragmas": [
        "^0.8.20"
      ],
      "artifacts": [
        "NFTFCFS"
      ]
    },
    "/Users/egemenkukrer/Desktop/nft süreci/merkletree/node_modules/erc721a/contracts/ERC721A.sol": {
      "lastModificationDate": 1746928470552,
      "contentHash": "f00e8b038a7d958f397c9fb8d107ec1c",
      "sourceName": "erc721a/contracts/ERC721A.sol",
      "solcConfig": {
        "version": "0.8.20",
        "settings": {
          "evmVersion": "paris",
          "optimizer": {
            "enabled": false,
            "runs": 200
          },
          "outputSelection": {
            "*": {
              "*": [
                "abi",
                "evm.bytecode",
                "evm.deployedBytecode",
                "evm.methodIdentifiers",
                "metadata"
              ],
              "": [
                "ast"
              ]
            }
          }
        }
      },
      "imports": [
        "./IERC721A.sol"
      ],
      "versionPragmas": [
        "^0.8.4"
      ],
      "artifacts": [
        "ERC721A",
        "ERC721A__IERC721Receiver"
      ]
    },
    "/Users/egemenkukrer/Desktop/nft süreci/merkletree/node_modules/@openzeppelin/contracts/access/Ownable.sol": {
      "lastModificationDate": 1746928470357,
      "contentHash": "d3c790edc9ccf808a17c5a6cd13614fd",
      "sourceName": "@openzeppelin/contracts/access/Ownable.sol",
      "solcConfig": {
        "version": "0.8.20",
        "settings": {
          "evmVersion": "paris",
          "optimizer": {
            "enabled": false,
            "runs": 200
          },
          "outputSelection": {
            "*": {
              "*": [
                "abi",
                "evm.bytecode",
                "evm.deployedBytecode",
                "evm.methodIdentifiers",
                "metadata"
              ],
              "": [
                "ast"
              ]
            }
          }
        }
      },
      "imports": [
        "../utils/Context.sol"
      ],
      "versionPragmas": [
        "^0.8.20"
      ],
      "artifacts": [
        "Ownable"
      ]
    },
    "/Users/egemenkukrer/Desktop/nft süreci/merkletree/node_modules/erc721a/contracts/IERC721A.sol": {
      "lastModificationDate": 1746928470567,
      "contentHash": "f6791e37b41ad9fa583adb9845c17d51",
      "sourceName": "erc721a/contracts/IERC721A.sol",
      "solcConfig": {
        "version": "0.8.20",
        "settings": {
          "evmVersion": "paris",
          "optimizer": {
            "enabled": false,
            "runs": 200
          },
          "outputSelection": {
            "*": {
              "*": [
                "abi",
                "evm.bytecode",
                "evm.deployedBytecode",
                "evm.methodIdentifiers",
                "metadata"
              ],
              "": [
                "ast"
              ]
            }
          }
        }
      },
      "imports": [],
      "versionPragmas": [
        "^0.8.4"
      ],
      "artifacts": [
        "IERC721A"
      ]
    },
    "/Users/egemenkukrer/Desktop/nft süreci/merkletree/node_modules/@openzeppelin/contracts/utils/Context.sol": {
      "lastModificationDate": 1746928470333,
      "contentHash": "67bfbc07588eb8683b3fd8f6f909563e",
      "sourceName": "@openzeppelin/contracts/utils/Context.sol",
      "solcConfig": {
        "version": "0.8.20",
        "settings": {
          "evmVersion": "paris",
          "optimizer": {
            "enabled": false,
            "runs": 200
          },
          "outputSelection": {
            "*": {
              "*": [
                "abi",
                "evm.bytecode",
                "evm.deployedBytecode",
                "evm.methodIdentifiers",
                "metadata"
              ],
              "": [
                "ast"
              ]
            }
          }
        }
      },
      "imports": [],
      "versionPragmas": [
        "^0.8.20"
      ],
      "artifacts": [
        "Context"
      ]
    }
  }
}
